sku,name,category,subcategory,price_idr,stock_status,description,specifications,image_url,product_url,tokopedia_url,shopee_url,scraped_at
106628,MAIWO USB 3.0 to VGA Adapter - KCB003,Accessories,USB HUB and CARD READER USB Converter,320000,in_stock,,{},https://ecs7.tokopedia.net/img/cache/700/VqbcmM/2021/11/4/1bd574a5-03d6-4d80-92e3-c9ae4d68b4a3.png,https://enterkomputer.com/detail/106628/MAIWO-USB-30-to-VGA-Adapter-KCB003,https://www.tokopedia.com/enterkomputer/maiwo-usb-30-to-vga-adapter-kcb003,https://shopee.co.id/product/43570421/1493773244,2026-05-11T04:09:30.158257+00:00
106629,MAIWO DP to VGA Adapter - Best Quality - KCB004,Accessories,Cable Accessories Connector,130000,in_stock,,{},https://ecs7.tokopedia.net/img/cache/700/VqbcmM/2021/11/4/8bc17eb2-c4a7-4eea-82e6-02d66b3a7250.png,https://enterkomputer.com/detail/106629/MAIWO-DP-to-VGA-Adapter-Best-Quality-KCB004,https://www.tokopedia.com/enterkomputer/maiwo-dp-to-vga-adapter-best-quality-kcb004,https://s.shopee.co.id/4VOgmDpY7M,2026-05-11T04:09:26.601918+00:00
106632,MAIWO USB 3.0 to SATA Hard Disk Adapter - K132U3IS,Accessories,USB HUB and CARD READER USB Adapter,190000,in_stock,,{},https://ecs7.tokopedia.net/img/cache/700/VqbcmM/2021/11/4/70096fa2-50e3-4d2f-ad8d-64be74fb77f8.png,https://enterkomputer.com/detail/106632/MAIWO-USB-30-to-SATA-Hard-Disk-Adapter-K132U3IS,https://www.tokopedia.com/enterkomputer/maiwo-usb-3-0-to-sata-hard-disk-adapter-k132u3is,https://s.shopee.co.id/8UupEwZgaW,2026-05-11T04:09:19.701441+00:00
106633,MAIWO 2 in 1  Micro USB Cable ( Micro USB To USB dan Micro USB to Micro USB ) - CT003,Accessories,Cable Accessories Kabel USB,29000,in_stock,,{},https://ecs7.tokopedia.net/img/cache/700/VqbcmM/2021/11/4/4f47d767-a7b8-438f-a148-7384d32969f7.png,https://enterkomputer.com/detail/106633/MAIWO-2-in-1-Micro-USB-Cable-Micro-USB-To-USB-dan-Micro-USB-to-Micro-USB-CT003,https://www.tokopedia.com/enterkomputer/maiwo-2-in-1-micro-usb-cable-ct003,https://shopee.co.id/product/43570421/1493773229,2026-05-11T04:09:23.137002+00:00
106638,Unitek USB3.0 to SATA6G Docking Station - Y-1078,Accessories,Casing Harddisk Docking,256000,in_stock,,{},https://ecs7.tokopedia.net/img/cache/700/VqbcmM/2021/11/4/d38535d5-e3f7-42cb-adb3-66203f244d45.png,https://enterkomputer.com/detail/106638/Unitek-USB30-to-SATA6G-Docking-Station-Y-1078,https://www.tokopedia.com/enterkomputer/unitek-usb-3-0-sata3-docking-station-y1078,https://shopee.co.id/product/43570421/7706487636,2026-05-11T05:08:26.013848+00:00
167668,ASRock DeskMini X300 Series,All In One,Mini PC,2219000,in_stock,,{},https://ecs7.tokopedia.net/img/cache/700/VqbcmM/2021/9/29/97169ebc-6e6f-4418-a2c5-f96ab55efcd4.jpg,https://enterkomputer.com/detail/167668/ASRock-DeskMini-X300-Series,https://tokopedia.link/HpS0flk4fCb,https://s.shopee.co.id/5VH2hkcyFa,2026-05-10T15:51:52.074442+00:00
172802,ASRock Jupiter X300,All In One,Mini PC,3060000,in_stock,,{},https://ecs7.tokopedia.net/img/cache/700/VqbcmM/2021/11/3/e9742b58-bf6d-48b9-a869-e28550ec674b.png,https://enterkomputer.com/detail/172802/ASRock-Jupiter-X300,https://tokopedia.link/u60kRMZ3fCb,https://shopee.co.id/product/43570421/11840472329/,2026-05-10T15:52:04.389872+00:00
178754,ASRock Deskmini X300 Bracket Vesa Mount - DESKMINIVESA-MK,All In One,Accessories,130000,in_stock,,{},,https://enterkomputer.com/detail/178754/ASRock-Deskmini-X300-Bracket-Vesa-Mount-DESKMINIVESA-MK,,,2026-05-10T15:52:31.032943+00:00
178768,ASRock DeskMeet X300 Series,All In One,Mini PC,2960000,in_stock,,{},https://images.tokopedia.net/img/cache/900/VqbcmM/2022/7/27/6e566cc9-7b31-4cea-86dc-9a5a35af4410.jpg,https://enterkomputer.com/detail/178768/ASRock-DeskMeet-X300-Series,https://tokopedia.com/enterkomputer/asrock-deskmeet-x300-series,https://shopee.co.id/product/43570421/20228569184/,2026-05-10T15:52:16.354585+00:00
178769,ASRock DeskMeet B660 Series,All In One,Mini PC,3705000,in_stock,,{},https://images.tokopedia.net/img/cache/900/VqbcmM/2022/9/6/e58260e3-58fe-499c-a5bc-716b9614bc9d.jpg,https://enterkomputer.com/detail/178769/ASRock-DeskMeet-B660-Series,https://tokopedia.link/7M17tLh4fCb,https://shopee.co.id/product/43570421/19743203526/,2026-05-10T15:51:46.103320+00:00
11843,Simbadda SIM X-685 + PSU 380W,Casing,,325000,in_stock,,{},,https://enterkomputer.com/detail/11843/Simbadda-SIM-X-685-PSU-380W,,,2026-05-10T23:04:01.172912+00:00
11848,Simbadda SIM X - Tanpa PSU,Casing,,410000,in_stock,,{},https://ecs7.tokopedia.net/img/cache/700/VqbcmM/2020/11/5/4d3c9d58-817a-4a2d-9d99-6dcdd34b37bd.jpg,https://enterkomputer.com/detail/11848/Simbadda-SIM-X-Tanpa-PSU,,,2026-05-10T23:03:57.705859+00:00
11856,Simbadda SIM V - Tanpa PSU,Casing,,235000,in_stock,,{},https://ecs7.tokopedia.net/img/cache/700/VqbcmM/2021/9/29/98555292-c297-467c-a64d-b2630d0e05dd.jpg,https://enterkomputer.com/detail/11856/Simbadda-SIM-V-Tanpa-PSU,https://www.tokopedia.com/enterkomputer/casing-pc-simbadda-sim-v-tanpa-psu,https://shopee.co.id/product/43570421/4003603219,2026-05-10T23:04:11.611296+00:00
11874,Simbadda SIM COOL 05 + PSU 480W,Casing,,1040000,in_stock,,{},,https://enterkomputer.com/detail/11874/Simbadda-SIM-COOL-05-PSU-480W,,,2026-05-10T23:05:09.721628+00:00
11933,VanAen Acrylic Case V909,Casing,,899000,in_stock,,{},https://ecs7.tokopedia.net/img/cache/700/VqbcmM/2021/9/28/fd73934c-e8b8-4fbe-9e63-5aa64dd10b51.jpg,https://enterkomputer.com/detail/11933/VanAen-Acrylic-Case-V909,https://www.tokopedia.com/enterkomputer/vanaen-acrylic-case-v909,https://s.shopee.co.id/4fhvXqB5UY,2026-05-10T23:10:47.382540+00:00
125325,CRYORIG R1 Cover - Orange,Cooler,Air Cooler / Heatsink Cooler,185000,in_stock,,{},https://ecs7.tokopedia.net/img/product-1/2016/6/4/9650944/9650944_0ebbb385-9293-4c8e-841a-2f1df5bf6628.jpg,https://enterkomputer.com/detail/125325/CRYORIG-R1-Cover-Orange,,,2026-05-11T00:52:17.881039+00:00
125326,CRYORIG R1 Cover - Blue,Cooler,Air Cooler / Heatsink Cooler,185000,in_stock,,{},https://ecs7.tokopedia.net/img/cache/700/product-1/2019/5/14/9651507/9651507_cdd8d203-823d-43da-b93a-49027a7cb4b3_1667_1667,https://enterkomputer.com/detail/125326/CRYORIG-R1-Cover-Blue,,https://s.shopee.co.id/5ptsvr9KNu,2026-05-11T00:52:21.329288+00:00
125327,CRYORIG R1 Cover - Green,Cooler,Air Cooler / Heatsink Cooler,185000,in_stock,,{},https://ecs7.tokopedia.net/img/product-1/2016/6/4/9650944/9650944_0ebbb385-9293-4c8e-841a-2f1df5bf6628.jpg,https://enterkomputer.com/detail/125327/CRYORIG-R1-Cover-Green,,https://s.shopee.co.id/5KxcKwBEOn,2026-05-11T00:52:24.823463+00:00
125332,"be quiet! Shadow Rock LP - Compact Cooling, Significant Quiet",Cooler,Air Cooler / Heatsink Cooler,790000,in_stock,,{},https://ecs7.tokopedia.net/img/cache/700/VqbcmM/2021/10/1/f7afb517-d38c-4575-aa98-26be79326a17.jpg,https://enterkomputer.com/detail/125332/be-quiet-Shadow-Rock-LP-Compact-Cooling-Significant-Quiet,,,2026-05-11T00:50:44.087507+00:00
125336,be quiet! Pure Wings 2 - 120mm PWM High Speed 19.2 dB(A) - Winner Reddot Award,Cooler,Fan Casing 12CM Fan Case,180000,in_stock,,{},https://ecs7.tokopedia.net/img/cache/700/product-1/2020/6/29/9651507/9651507_e8924316-2259-4321-bb3c-0e88f45a0fc3_700_700,https://enterkomputer.com/detail/125336/be-quiet-Pure-Wings-2-120mm-PWM-High-Speed-192-dBA-Winner-Reddot-Award,https://www.tokopedia.com/enterkomputer/be-quiet-pure-wings-2-120mm,https://shopee.co.id/product/43570421/1486799634,2026-05-11T01:18:12.544326+00:00
150969,Wacom Intuos Pen Set - LP-190E-0S-01-B,Drawer,,415000,in_stock,"Pen For CTL-490, CTH-490",{},https://ecs7.tokopedia.net/img/cache/700/product-1/2019/4/1/1157156/1157156_cbdf8589-e111-4c62-a05f-6d9f0c271efb.jpg,https://enterkomputer.com/detail/150969/Wacom-Intuos-Pen-Set-LP-190E-0S-01-B,https://www.tokopedia.com/enterkomputer/wacom-intuos-pen-set-lp-190e-0s-01-b,https://shopee.co.id/product/43570421/6206469534,2026-05-10T10:11:50.375523+00:00
153719,Huion H950P,Drawer,,720000,in_stock,"Active Area : 8.7 x 5.4 inch, Report Rate : 233 PPS, Resolution : 5080 LPI, Pen Pressure : 8192 Levels, Express Keys : 8, OS Support Windows & MAC",{},https://ecs7.tokopedia.net/img/cache/700/VqbcmM/2021/11/3/01d0de02-ffe0-4922-a98c-0549fab55e19.png,https://enterkomputer.com/detail/153719/Huion-H950P,,,2026-05-10T10:10:03.479881+00:00
154282,Wacom One by Wacom - CTL-472/KO-C,Drawer,,620000,in_stock,"One By Wacom RedWood, 4x6 (Active Area) Tablet",{},https://ecs7.tokopedia.net/img/cache/700/VqbcmM/2021/11/3/6cbe8763-7386-45a1-9a32-854d23143e73.png,https://enterkomputer.com/detail/154282/Wacom-One-by-Wacom-CTL-472KO-C,https://tokopedia.link/Zc11fqqscCb,https://shopee.co.id/product/43570421/5304996533,2026-05-10T10:08:57.229674+00:00
157453,Wacom Intuos - CTL-4100/K0-C,Drawer,,915000,in_stock,"New Intuos, Pen Small, Black - 4x6 (Active Area),4096 Pressure pen",{},https://ecs7.tokopedia.net/img/cache/700/VqbcmM/2021/11/3/2288fb8d-d8bc-44dc-b721-bd6cb27af553.png,https://enterkomputer.com/detail/157453/Wacom-Intuos-CTL-4100K0-C,https://tokopedia.link/zj5ipjpCcCb,https://shopee.co.id/product/43570421/3805091892,2026-05-10T10:08:53.798773+00:00
157454,Wacom Intuos - CTL-4100WL/E0-C,Drawer,,1720000,in_stock,"New Intuos, Pen Small, Green, Wireless - 4x6 (Active Area),4096 Pressure pen",{},https://ecs7.tokopedia.net/img/cache/700/VqbcmM/2021/11/3/184c96aa-4cf1-4630-9535-9664c88580f1.png,https://enterkomputer.com/detail/157454/Wacom-Intuos-CTL-4100WLE0-C,https://www.tokopedia.com/enterkomputer/wacom-intuos-ctl-4100wl-e0-c,https://shopee.co.id/product/43570421/3905091802,2026-05-10T10:11:02.192550+00:00
155723,Sandisk Cruzer Ultra Fit CZ430 16GB USB 3.1,Flash Drive,,135000,in_stock,,{},https://ecs7.tokopedia.net/img/cache/700/product-1/2020/7/21/9651507/9651507_551451b5-6904-4183-9ef9-bda14dba32c6_700_700,https://enterkomputer.com/detail/155723/Sandisk-Cruzer-Ultra-Fit-CZ430-16GB-USB-31,https://www.tokopedia.com/enterkomputer/sandisk-cruzer-ultra-fit-cz430-16gb-usb-3-1,https://shopee.co.id/product/43570421/1487556630,2026-05-10T10:45:52.000182+00:00
155724,Sandisk Cruzer Ultra Fit CZ430 32GB USB 3.1,Flash Drive,,200000,in_stock,,{},https://ecs7.tokopedia.net/img/cache/700/product-1/2020/7/21/9651507/9651507_3b11afbd-8bc8-49f7-ae2d-292814a6c6ef_700_700,https://enterkomputer.com/detail/155724/Sandisk-Cruzer-Ultra-Fit-CZ430-32GB-USB-31,https://tokopedia.link/8fmrydT5bCb,https://s.shopee.co.id/3LCj5R6kg4,2026-05-10T10:45:55.477106+00:00
155725,Sandisk Cruzer Ultra Fit CZ430 64GB USB 3.1,Flash Drive,,255000,in_stock,,{},https://ecs7.tokopedia.net/img/cache/700/product-1/2019/5/15/9651507/9651507_ac7bd40a-f726-46c1-808f-b9d1837887a7_1667_1667,https://enterkomputer.com/detail/155725/Sandisk-Cruzer-Ultra-Fit-CZ430-64GB-USB-31,https://tokopedia.link/HFH0OfwUfCb,https://shopee.co.id/product/43570421/1141522287,2026-05-10T10:45:58.932150+00:00
155726,Sandisk Cruzer Ultra Fit CZ430 128GB USB 3.1,Flash Drive,,390000,in_stock,,{},https://ecs7.tokopedia.net/img/cache/700/product-1/2020/7/21/9651507/9651507_b085cc0b-d0bd-466b-ab4e-6906bbae8cfa_700_700,https://enterkomputer.com/detail/155726/Sandisk-Cruzer-Ultra-Fit-CZ430-128GB-USB-31,https://tokopedia.link/OwjpMpgTfCb,https://s.shopee.co.id/AKMTiuXNh7,2026-05-10T10:46:02.505575+00:00
158504,Transcend 128GB Jetflash 700/730 - USB 3.0,Flash Drive,,355000,in_stock,,{},,https://enterkomputer.com/detail/158504/Transcend-128GB-Jetflash-700730-USB-30,,,2026-05-10T10:49:49.833765+00:00
136255,Nillkin Tempered glass CP+  Full Screen Covered For iphone 6+ (PLUS) -BLACK/WHITE,Gadget,Tempered Glass,225000,in_stock,,{},,https://enterkomputer.com/detail/136255/Nillkin-Tempered-glass-CP-Full-Screen-Covered-For-iphone-6-PLUS-BLACKWHITE,,,2026-05-10T11:52:17.670295+00:00
136257,Nillkin Silicone Case For  iphone 6+ (PLUS) - Slim 0.6mm,Gadget,Case,85000,in_stock,,{},,https://enterkomputer.com/detail/136257/Nillkin-Silicone-Case-For-iphone-6-PLUS-Slim-06mm,,,2026-05-10T11:51:29.343137+00:00
136258,Nillkin Frosted For iphone 6,Gadget,Case,95000,in_stock,,{},,https://enterkomputer.com/detail/136258/Nillkin-Frosted-For-iphone-6,,,2026-05-10T11:51:33.477647+00:00
136259,Nillkin Frosted For iphone 6+ (PLUS),Gadget,Case,95000,in_stock,,{},,https://enterkomputer.com/detail/136259/Nillkin-Frosted-For-iphone-6-PLUS,,,2026-05-10T11:51:37.690295+00:00
136260,Nillkin Leather Case For iphone 6,Gadget,Case,110000,in_stock,,{},,https://enterkomputer.com/detail/136260/Nillkin-Leather-Case-For-iphone-6,,,2026-05-10T11:51:41.685783+00:00
164522,1STPLAYER GAMING CHAIR DK1 - BLACK RED - Comfort - All Steel Skeleton - High Density Molded Foam,Gaming Chair,GAMING CHAIR,2150000,in_stock,,{},https://ecs7.tokopedia.net/img/cache/700/VqbcmM/2021/10/13/76b9ad14-50ec-4b8b-8488-084ccd4dfcbe.jpg,https://enterkomputer.com/detail/164522/1STPLAYER-GAMING-CHAIR-DK1-BLACK-RED-Comfort-All-Steel-Skeleton-High-Density-Molded-Foam,https://tokopedia.link/96601Ex78Bb,https://s.shopee.co.id/4fhvjZH0kP,2026-05-10T10:12:48.889067+00:00
164523,1STPLAYER GAMING CHAIR DK1 - BLACK - Comfort - All Steel Skeleton - High Density Molded Foam,Gaming Chair,GAMING CHAIR,2150000,in_stock,,{},https://ecs7.tokopedia.net/img/cache/700/VqbcmM/2021/10/13/3a30012d-dbae-494e-997c-e2cfe893296a.jpg,https://enterkomputer.com/detail/164523/1STPLAYER-GAMING-CHAIR-DK1-BLACK-Comfort-All-Steel-Skeleton-High-Density-Molded-Foam,https://tokopedia.link/Oky89DNsaCb,https://s.shopee.co.id/7V27BEqv20,2026-05-10T10:12:59.280268+00:00
164524,1STPLAYER GAMING CHAIR K2 - BLACK - Comfort - All Steel Skeleton - High Density Molded Foam,Gaming Chair,GAMING CHAIR,1950000,in_stock,,{},https://ecs7.tokopedia.net/img/cache/700/VqbcmM/2021/11/6/6feb1d18-bc7d-4fef-ab45-3ccbed7ad9b6.png,https://enterkomputer.com/detail/164524/1STPLAYER-GAMING-CHAIR-K2-BLACK-Comfort-All-Steel-Skeleton-High-Density-Molded-Foam,https://tokopedia.link/s0kIEDAuaCb,https://s.shopee.co.id/4fhviggwMy,2026-05-10T10:12:52.307634+00:00
167264,1STPLAYER GAMING CHAIR DK2 - BLACK WHITE - All Steel Skeleton - High Density Integrated Molded Foam,Gaming Chair,GAMING CHAIR,2372000,in_stock,,{},https://ecs7.tokopedia.net/img/cache/700/VqbcmM/2021/11/6/c0238404-7c20-4132-889a-2e88487b7fd0.png,https://enterkomputer.com/detail/167264/1STPLAYER-GAMING-CHAIR-DK2-BLACK-WHITE-All-Steel-Skeleton-High-Density-Integrated-Molded-Foam,https://tokopedia.link/09qXoA1CfCb,https://s.shopee.co.id/9pQ1s5CDl3,2026-05-10T10:12:55.774603+00:00
167265,1STPLAYER GAMING CHAIR FD-GC1 - PINK WHITE - All Steel Skeleton - High Density Integrated Molded Foam,Gaming Chair,GAMING CHAIR,2170000,in_stock,,{},https://ecs7.tokopedia.net/img/cache/700/VqbcmM/2020/12/23/62486e0e-745d-4ac8-9948-2e2d1ec9f50d.png,https://enterkomputer.com/detail/167265/1STPLAYER-GAMING-CHAIR-FD-GC1-PINK-WHITE-All-Steel-Skeleton-High-Density-Integrated-Molded-Foam,https://tokopedia.com/enterkomputer/1stplayer-gaming-chair-fd-gc1-pink-white-all-steel-skeleton,https://s.shopee.co.id/30ZsgdmXzM,2026-05-10T10:13:09.569144+00:00
138763,WDC 500GB SATA2 - Used & Garansi 1 Th,Hard Drive,Harddisk Internal 3.5 For Desktop PC,250000,in_stock,,{},https://ecs7.tokopedia.net/img/cache/700/product-1/2019/5/13/9651507/9651507_249eea65-465d-4a1a-8405-ed89608cd13a_1667_1667,https://enterkomputer.com/detail/138763/WDC-500GB-SATA2-Used-Garansi-1-Th,,,2026-05-10T12:02:42.084005+00:00
138773,WDC 2TB SATA3 64MB - Black - WD2003FZEX - Garansi 5 Th,Hard Drive,Harddisk Internal 3.5 For Desktop PC,2435000,in_stock,,{},https://ecs7.tokopedia.net/img/cache/700/product-1/2019/7/13/9651507/9651507_5fd7d835-a6a5-427a-8dca-421ec0c65a1c_800_800,https://enterkomputer.com/detail/138773/WDC-2TB-SATA3-64MB-Black-WD2003FZEX-Garansi-5-Th,https://tokopedia.link/iXJJOAzEfCb,https://s.shopee.co.id/9f6mvhvmxo,2026-05-10T12:03:32.070204+00:00
138801,Seagate 1TB SATA3 - BarraCuda Series,Hard Drive,Harddisk Internal 3.5 For Desktop PC,1895000,in_stock,,{},https://ecs7.tokopedia.net/img/cache/700/VqbcmM/2021/11/1/3447c3df-4b3b-44a0-b27b-2a0e6a8cf16c.jpg,https://enterkomputer.com/detail/138801/Seagate-1TB-SATA3-BarraCuda-Series,https://www.tokopedia.com/enterkomputer/seagate-1tb-sata3-st100dm003-garansi-1-tahun,https://s.shopee.co.id/7V277AqhAE,2026-05-10T12:05:17.632962+00:00
138803,Seagate Surveillance For CCTV 1TB - SkyHawk Series,Hard Drive,Harddisk Internal 3.5 For Desktop PC,1520000,in_stock,,{},https://ecs7.tokopedia.net/img/cache/700/VqbcmM/2021/11/1/8bb89c50-f327-4a00-ab4b-11e70519ab62.jpg,https://enterkomputer.com/detail/138803/Seagate-Surveillance-For-CCTV-1TB-SkyHawk-Series,https://tokopedia.link/KApNzT2PfCb,https://shopee.co.id/product/43570421/7404178855,2026-05-10T12:05:21.544677+00:00
138809,Seagate Enterprise 2TB - Exos Series,Hard Drive,Harddisk Internal 3.5 For Desktop PC,3285000,in_stock,,{},https://ecs7.tokopedia.net/img/cache/700/product-1/2020/7/22/9651507/9651507_86fc7487-60d0-4465-b562-84a006aa97fc_700_700,https://enterkomputer.com/detail/138809/Seagate-Enterprise-2TB-Exos-Series,https://www.tokopedia.com/enterkomputer/seagate-enterprise-2tb,https://shopee.co.id/product/43570421/1815399766,2026-05-10T12:05:45.720297+00:00
153198,HP H120 Wired Gaming Headset Office Series (Black),Headset,,146000,in_stock,,{},,https://enterkomputer.com/detail/153198/HP-H120-Wired-Gaming-Headset-Office-Series-Black,,,2026-05-10T14:01:11.772500+00:00
153199,HP H100 Wired Gaming Headset Office Series (With Microphone),Headset,,131000,in_stock,,{},,https://enterkomputer.com/detail/153199/HP-H100-Wired-Gaming-Headset-Office-Series-With-Microphone,,,2026-05-10T14:01:15.554117+00:00
155843,Adata EMIX H30 Gaming Heatset + Solox F30 Amplifire,Headset,,2100000,in_stock,,{},http://www.adata.com/upload/ProductGallery/productGallery5564.jpg,https://enterkomputer.com/detail/155843/Adata-EMIX-H30-Gaming-Heatset-Solox-F30-Amplifire,,,2026-05-10T13:47:27.828141+00:00
156032,HyperX Cloud Alpha Red,Headset,,1200000,in_stock,,{},https://ecs7.tokopedia.net/img/cache/700/VqbcmM/2021/10/27/7908d76c-42cc-450c-b976-1416a1880aa1.jpg,https://enterkomputer.com/detail/156032/HyperX-Cloud-Alpha-Red,https://www.tokopedia.com/enterkomputer/kingston-hyperx-cloud-alpha,https://shopee.co.id/product/43570421/7304996586,2026-05-10T14:02:51.821846+00:00
160766,Logitech G633s LightSync Gaming Headset,Headset,,1710000,in_stock,,{},https://ecs7.tokopedia.net/img/cache/700/VqbcmM/2021/10/27/01014dbb-ed2f-4b4f-bedc-e4f2cdae1385.jpg,https://enterkomputer.com/detail/160766/Logitech-G633s-LightSync-Gaming-Headset,https://tokopedia.link/dgcQubKicCb,https://shopee.co.id/product/43570421/7604996206,2026-05-10T14:04:42.399697+00:00
150579,Powerlogic Lithium L2/L3 - Mouse Wireless,Keyboard,Mouse,80000,in_stock,,{},https://ecs7.tokopedia.net/img/cache/700/product-1/2019/4/11/9561560/9561560_c46ce1af-4477-4e0d-bffb-49de69e345f3_700_916.jpg,https://enterkomputer.com/detail/150579/Powerlogic-Lithium-L2L3-Mouse-Wireless,https://www.tokopedia.com/enterkomputer/powerlogic-lithium-l2-l3-mouse-wireless,https://shopee.co.id/product/43570421/7104762033,2026-05-11T02:55:01.105098+00:00
150675,Rexus Mousepad Kvlar T3,Keyboard,Mousepad,45000,in_stock,,{},https://ecs7.tokopedia.net/img/cache/700/VqbcmM/2021/10/21/1e27ef3d-5c19-4b37-a325-6d696f2fc9ad.jpg,https://enterkomputer.com/detail/150675/Rexus-Mousepad-Kvlar-T3,https://tokopedia.link/B37MrfQEcCb,https://shopee.co.id/product/43570421/4042365251,2026-05-11T03:08:15.569904+00:00
153449,Mousepad Bantal,Keyboard,Mousepad,9000,in_stock,,{},https://ecs7.tokopedia.net/img/cache/700/VqbcmM/2021/11/3/f84f1214-9c0a-4733-97b1-e18014669915.jpg,https://enterkomputer.com/detail/153449/Mousepad-Bantal,https://tokopedia.link/DEdrm7dHcCb,https://s.shopee.co.id/6V9krD5X68,2026-05-11T02:52:10.003561+00:00
153497,Numerik Keyboard - Standart,Keyboard,Keyboard,43000,in_stock,,{},https://ecs7.tokopedia.net/img/cache/700/VqbcmM/2021/11/3/2f85b7bf-90e3-4ace-aa89-e0a6ceb5382b.jpg,https://enterkomputer.com/detail/153497/Numerik-Keyboard-Standart,https://tokopedia.com/enterkomputer/numerik-keyboard-standart,https://shopee.co.id/Numerik-Keyboard-Standart-i.43570421.5444248338,2026-05-11T02:51:45.713225+00:00
153642,Mousepad Standard,Keyboard,Mousepad,15000,in_stock,,{},https://ecs7.tokopedia.net/img/cache/700/VqbcmM/2021/11/3/2913b969-ce56-4d95-a31c-854f43287b45.jpg,https://enterkomputer.com/detail/153642/Mousepad-Standard,https://tokopedia.link/Ky7ROOma7Bb,https://s.shopee.co.id/2qGHYrX8ho,2026-05-11T02:52:13.425479+00:00
156733,Adaptor LED Monitor LG 19v-2.1A,LCD,,115000,in_stock,,{},,https://enterkomputer.com/detail/156733/Adaptor-LED-Monitor-LG-19v-21A,,,2026-05-10T20:09:22.572814+00:00
158251,ViewSonic 16 TD1630-3 WXGA Touchscreen,LCD,,2920000,in_stock,,{},https://ecs7.tokopedia.net/img/cache/700/product-1/2020/8/5/9651507/9651507_82eb5b70-70a4-4b15-b519-6f9b4567c306_700_700,https://enterkomputer.com/detail/158251/ViewSonic-16-TD1630-3-WXGA-Touchscreen,,,2026-05-10T20:23:10.548296+00:00
160634,SAMSUNG 27 LC27R500 CURVED LED Wide Screen,LCD,,1630000,in_stock,,{},https://ecs7.tokopedia.net/img/cache/700/VqbcmM/2021/11/2/ab1edcde-ad54-4068-9b57-387ef3135e34.png,https://enterkomputer.com/detail/160634/SAMSUNG-27-LC27R500-CURVED-LED-Wide-Screen,https://www.tokopedia.com/enterkomputer/samsung-27-lc27r500-curved-led-wide-screen,https://shopee.co.id/product/43570421/4304011879,2026-05-10T20:19:18.852098+00:00
161261,Lenovo L27q-10 27 LED,LCD,,2870000,in_stock,,{},,https://enterkomputer.com/detail/161261/Lenovo-L27q-10-27-LED,,,2026-05-10T20:02:19.672302+00:00
162057,LG 32 32LM550 TV,LCD,,1820000,in_stock,,{},https://ecs7.tokopedia.net/img/cache/700/VqbcmM/2021/11/2/8ae16de7-ca6a-4056-84bc-a90c9cbf98db.png,https://enterkomputer.com/detail/162057/LG-32-32LM550-TV,https://tokopedia.link/5dDvI2aHcCb,https://shopee.co.id/product/43570421/7703991636,2026-05-10T20:08:27.126391+00:00
126003,Strontium Nitro Plus U3 4K SDHC 128GB (Read 80MB/s - Write 60/MB/s),Memory Card,SD Card,349000,in_stock,,{},https://ecs7.tokopedia.net/img/cache/700/VqbcmM/2021/11/3/76948760-e8a1-4e1b-9266-732fbc3a86db.png,https://enterkomputer.com/detail/126003/Strontium-Nitro-Plus-U3-4K-SDHC-128GB-Read-80MBs-Write-60MBs,https://www.tokopedia.com/enterkomputer/strontium-nitro-plus-u3-4k-sdhc-128gb-read-80mbs-write-60mbs,https://shopee.co.id/product/43570421/1488004688,2026-05-10T10:50:07.531385+00:00
126120,V-GeN SD Card 32GB Turbo,Memory Card,V-GeN SD Card,248000,in_stock,,{},,https://enterkomputer.com/detail/126120/V-GeN-SD-Card-32GB-Turbo,,,2026-05-10T11:01:18.902181+00:00
126121,V-GeN SD Card 64GB Turbo,Memory Card,V-GeN SDXC,338000,in_stock,,{},https://ecs7.tokopedia.net/img/cache/700/VqbcmM/2021/1/18/09deddc8-8a2f-4ca4-831b-a7ae7770bb23.png,https://enterkomputer.com/detail/126121/V-GeN-SD-Card-64GB-Turbo,https://www.tokopedia.com/enterkomputer/v-gen-sd-card-64gb-turbo,https://shopee.co.id/product/43570421/7004165697,2026-05-10T11:01:22.344130+00:00
126122,V-GeN SD Card 128GB Turbo,Memory Card,V-GeN SDXC,418000,in_stock,,{},,https://enterkomputer.com/detail/126122/V-GeN-SD-Card-128GB-Turbo,,,2026-05-10T11:01:25.805921+00:00
126139,V-GeN Micro SD 8GB Turbo With SD Adapter,Memory Card,V-GeN Micro SD,137000,in_stock,,{},https://ecs7.tokopedia.net/img/cache/700/product-1/2020/8/5/9651507/9651507_83172df1-5831-4211-a887-09864c5eeb73_700_700,https://enterkomputer.com/detail/126139/V-GeN-Micro-SD-8GB-Turbo-With-SD-Adapter,https://www.tokopedia.com/enterkomputer/v-gen-micro-sd-8gb-turbo-with-sd-adapter,https://shopee.co.id/product/43570421/3306564709,2026-05-10T11:01:29.244585+00:00
10559,"ASRock H81M-VG4 R4.0 (LGA1150, H81, DDR3)",Motherboard,Motherboard Intel LGA 1150,870000,in_stock,,{},https://ecs7.tokopedia.net/img/cache/700/product-1/2019/7/8/9651507/9651507_1b588b65-0796-4630-9072-e281570d7f0b_1667_1667,https://enterkomputer.com/detail/10559/ASRock-H81M-VG4-R40-LGA1150-H81-DDR3,,,2026-05-10T18:36:49.693525+00:00
10695,"Biostar H81MHV3 (LGA1150, Intel H81, DDR3)",Motherboard,Motherboard Intel LGA 1150,975000,in_stock,,{},https://ecs7.tokopedia.net/img/cache/700/product-1/2020/8/1/9651507/9651507_ba8bc8ac-fa3c-4529-938d-3257077484d5_700_700,https://enterkomputer.com/detail/10695/Biostar-H81MHV3-LGA1150-Intel-H81-DDR3,https://tokopedia.link/wV8gQUZicCb,https://shopee.co.id/product/43570421/3143590665,2026-05-10T18:41:38.501262+00:00
10794,"Gigabyte GA-H110M-S2PH (LGA1151, H110, DDR4)",Motherboard,Motherboard Intel LGA 1151,1130000,in_stock,,{},https://ecs7.tokopedia.net/img/cache/700/product-1/2019/10/22/9651507/9651507_1c62cc4f-62ea-4e9b-a13a-ccbcabd65c9f_800_800,https://enterkomputer.com/detail/10794/Gigabyte-GA-H110M-S2PH-LGA1151-H110-DDR4,,,2026-05-10T18:45:42.799375+00:00
10824,"Gigabyte GA-H81M-S2PH (LGA1150, H81, DDR3, SATA3, USB3)",Motherboard,Motherboard Intel LGA 1150,1150000,in_stock,,{},https://ecs7.tokopedia.net/img/cache/700/product-1/2020/7/21/9651507/9651507_dbc944a8-ec00-4e15-8e3f-3b9419f09a53_700_700,https://enterkomputer.com/detail/10824/Gigabyte-GA-H81M-S2PH-LGA1150-H81-DDR3-SATA3-USB3,,,2026-05-10T18:45:49.609559+00:00
10825,"Gigabyte GA-H81M-DS2 (LGA1150, H81, DDR3, SATA3, USB3)",Motherboard,Motherboard Intel LGA 1150,1040000,in_stock,,{},https://ecs7.tokopedia.net/img/cache/700/product-1/2020/7/22/9651507/9651507_6b71aed9-3691-4da7-af40-58d6cff35f4f_700_700,https://enterkomputer.com/detail/10825/Gigabyte-GA-H81M-DS2-LGA1150-H81-DDR3-SATA3-USB3,https://tokopedia.link/RF4XwkhQaCb,https://shopee.co.id/product/43570421/1492921771,2026-05-10T18:45:53.081517+00:00
127301,ASUS N300 Wireless-N Router - RT-N12+,Networking,Others,219000,in_stock,,{},https://ecs7.tokopedia.net/img/cache/700/VqbcmM/2021/10/15/fed06bff-f86b-4f30-b230-59a9f5ba07bd.jpg,https://enterkomputer.com/detail/127301/ASUS-N300-Wireless-N-Router-RT-N12,https://tokopedia.link/ZVvOFua3fCb,https://shopee.co.id/product/43570421/6305978880,2026-05-10T23:38:55.991254+00:00
127377,Cisco Switch 16 Port 10/100 Mbps - SF95D-16,Networking,Others,990000,in_stock,,{},https://ecs7.tokopedia.net/img/cache/700/VqbcmM/2021/9/24/75a5452b-2a24-4eb9-bf4a-f64df801fb33.jpg,https://enterkomputer.com/detail/127377/Cisco-Switch-16-Port-10100-Mbps-SF95D-16,,,2026-05-10T23:40:08.845299+00:00
127399,"D-Link Switch 5 port 10/100 Mbps, Auto sensing - DES-1005D/C",Networking,Others,71000,in_stock,,{},https://ecs7.tokopedia.net/img/cache/700/product-1/2020/8/11/9651507/9651507_0a0265d7-0369-417b-af89-2364670eda17_700_700,https://enterkomputer.com/detail/127399/D-Link-Switch-5-port-10100-Mbps-Auto-sensing-DES-1005DC,https://www.tokopedia.com/enterkomputer/d-link-switch-5-port-10-100-mbps-auto-sensing-des-1005d-c,https://shopee.co.id/product/43570421/5505978463,2026-05-10T23:40:36.425846+00:00
127400,"D-Link Switch 8 port 10/100 Mbps, Auto sensing - DES-1008D/C",Networking,Others,75000,in_stock,,{},https://ecs7.tokopedia.net/img/cache/700/VqbcmM/2021/10/16/c43033fc-d062-48c0-bbd3-85a315b42141.jpg,https://enterkomputer.com/detail/127400/D-Link-Switch-8-port-10100-Mbps-Auto-sensing-DES-1008DC,https://tokopedia.link/wZVweaPxaCb,https://shopee.co.id/product/43570421/6905979273,2026-05-10T23:40:39.859859+00:00
127402,"D-Link Switch 16 port 10/100 Mbps, Auto sensing - DES-1016A (Plastik)",Networking,Others,250000,in_stock,,{},https://ecs7.tokopedia.net/img/cache/700/VqbcmM/2021/10/16/58af7f6a-f77b-4aa6-bd8a-cffe586cabd8.jpg,https://enterkomputer.com/detail/127402/D-Link-Switch-16-port-10100-Mbps-Auto-sensing-DES-1016A-Plastik,https://www.tokopedia.com/enterkomputer/d-link-switch-16-port-10-100-mbps-auto-sensing-des-1016a-plastik,https://shopee.co.id/product/43570421/4306628599,2026-05-10T23:40:29.529798+00:00
183236,Infinix INBook X2 XL23,Notebook,,5890000,in_stock,"Intel Core i5-1155G7, RAM 8GB, SSD 512GB, Intel Iris Xe Graphics, 14 FHD, Win 11 Home",{},,https://enterkomputer.com/detail/183236/Infinix-INBook-X2-XL23,,,2026-05-10T21:50:03.722747+00:00
183237,Infinix INBook X2 XL23,Notebook,,4790000,in_stock,"Intel Core i3-1115G4, RAM 8GB, SSD 256GB, Intel UHD Graphics, 14 FHD, Win 11 Home",{},,https://enterkomputer.com/detail/183237/Infinix-INBook-X2-XL23,,,2026-05-10T21:49:59.955896+00:00
183683,Asus ExpertBook B9 B9400CBA-KC7320X,Notebook,Asus Intel Core i7 Notebook,32190000,in_stock,"Intel Core i7-1255U, RAM 32GB, SSD 2TB, Intel Iris Xe Graphics, 14 FHD, Win 11 Pro",{},,https://enterkomputer.com/detail/183683/Asus-ExpertBook-B9-B9400CBA-KC7320X,,,2026-05-10T21:37:13.793759+00:00
183684,Asus ExpertBook B6 Flip B6602FC2-MH7310X,Notebook,Asus Intel Core i7 Notebook,45590000,in_stock,"Intel Core i7-12850HX, RAM 32GB, SSD 1TB, Nvidia Quadro RTX A2000 8GB, 16 WQXGA Touchscreen, Win 11 Pro",{},,https://enterkomputer.com/detail/183684/Asus-ExpertBook-B6-Flip-B6602FC2-MH7310X,,,2026-05-10T21:37:06.931702+00:00
183940,Asus ExpertBook B1 B1400CBA-EK7850X,Notebook,Asus Intel Core i7 Notebook,17190000,in_stock,"Intel Core i7-1255U, RAM 8GB, SSD 512GB, Intel Iris Xe Graphics, 14 FHD, Win 11 Pro",{},,https://enterkomputer.com/detail/183940/Asus-ExpertBook-B1-B1400CBA-EK7850X,,,2026-05-10T21:36:56.651958+00:00
137933,Cooler Master Notepal X3,Notebook Accessories,Notebook Cooler,350000,in_stock,,{},https://ecs7.tokopedia.net/img/cache/700/VqbcmM/2021/11/3/d267d119-7a20-44ab-b768-bd16738bdc74.png,https://enterkomputer.com/detail/137933/Cooler-Master-Notepal-X3,https://tokopedia.link/WK1tDRZDcCb,https://shopee.co.id/product/43570421/3305327781,2026-05-10T19:17:31.128642+00:00
137935,Cooler Master Notepal U2 PLUS with 2 Fan BLACK / SILVER,Notebook Accessories,Notebook Cooler,337000,in_stock,,{},https://ecs7.tokopedia.net/img/cache/700/VqbcmM/2021/11/3/c9766a41-8795-4264-b06a-e5bc7ffdbc59.png,https://enterkomputer.com/detail/137935/Cooler-Master-Notepal-U2-PLUS-with-2-Fan-BLACK-SILVER,https://www.tokopedia.com/enterkomputer/cooler-master-notepal-u2-plus-with-2-fan-black-silver,https://shopee.co.id/product/43570421/1814524436,2026-05-10T19:17:37.947653+00:00
137936,Cooler Master Notepal i100 Black/White,Notebook Accessories,Notebook Cooler,169000,in_stock,,{},https://ecs7.tokopedia.net/img/cache/700/VqbcmM/2021/11/3/b6fc94e6-15f2-4b84-ba4c-0ded7b490768.png,https://enterkomputer.com/detail/137936/Cooler-Master-Notepal-i100-BlackWhite,https://www.tokopedia.com/enterkomputer/cooler-master-notepal-i100-blackwhite,https://shopee.co.id/product/43570421/1814522717,2026-05-10T19:17:41.362052+00:00
137937,Cooler Master NOTEPAL X-SLIM II,Notebook Accessories,Notebook Cooler,207000,in_stock,,{},https://ecs7.tokopedia.net/img/cache/700/product-1/2020/10/21/9651507/9651507_9571be7c-3a0a-47f8-9a74-b0b8987bb627_700_700,https://enterkomputer.com/detail/137937/Cooler-Master-NOTEPAL-X-SLIM-II,https://tokopedia.link/kZh1asd2fCb,https://shopee.co.id/product/43570421/6305231759,2026-05-10T19:17:48.186977+00:00
137938,Cooler Master Notepal L1,Notebook Accessories,Notebook Cooler,183000,in_stock,,{},https://ecs7.tokopedia.net/img/cache/700/VqbcmM/2021/11/3/86766ec0-486c-42c7-ba1c-e81b127f8682.png,https://enterkomputer.com/detail/137938/Cooler-Master-Notepal-L1,https://tokopedia.link/ekm2lfU4fCb,https://shopee.co.id/product/43570421/4005230910,2026-05-10T19:17:51.590648+00:00
163463,ASUS Blu-ray Ultra Slim Portable USB 3.1 Gen 1x1 - SBW-06D5H-U BLACK,Optical,,1675000,in_stock,,{},https://ecs7.tokopedia.net/img/cache/700/product-1/2020/8/4/9651507/9651507_712dc8af-bfa1-454b-b027-63114c36f221_700_700,https://enterkomputer.com/detail/163463/ASUS-Blu-ray-Ultra-Slim-Portable-USB-31-Gen-1x1-SBW-06D5H-U-BLACK,https://www.tokopedia.com/enterkomputer/asus-bluray-writer-sbw-06d5h-u-external,https://shopee.co.id/product/43570421/4629641732,2026-05-10T10:06:42.484231+00:00
173006,Asus ZenDrive U9M Ultra Slim Portable - SDRW-08U9M-U SILVER,Optical,,512000,in_stock,,{},,https://enterkomputer.com/detail/173006/Asus-ZenDrive-U9M-Ultra-Slim-Portable-SDRW-08U9M-U-SILVER,,,2026-05-10T10:06:39.042781+00:00
182196,LG DVDRW 24X SATA - GH24NSD1 [OEM],Optical,,215000,in_stock,,{},https://images.tokopedia.net/img/cache/900/VqbcmM/2022/12/9/06d54e64-77fe-4700-8774-7ffbed11a225.jpg,https://enterkomputer.com/detail/182196/LG-DVDRW-24X-SATA-GH24NSD1-OEM,https://tokopedia.link/lq47Favq7Bb,https://shopee.co.id/product/43570421/22009950268/,2026-05-10T10:06:52.889315+00:00
189757,Samsung DVDRW External USB 3.0,Optical,,215000,in_stock,,{},https://images.tokopedia.net/img/cache/900/VqbcmM/2024/9/7/7792600f-9116-4554-a2ba-322425c61fff.jpg,https://enterkomputer.com/detail/189757/Samsung-DVDRW-External-USB-30,https://tokopedia.com/enterkomputer/samsung-dvdrw-external-usb-3-0,https://shopee.co.id/product/43570421/29810502696/,2026-05-10T10:06:59.947311+00:00
193419,HP DVDRW External USB 2.0,Optical,,155000,in_stock,,{},,https://enterkomputer.com/detail/193419/HP-DVDRW-External-USB-20,,,2026-05-10T10:06:45.924409+00:00
124038,GameMax PSU 450W GP-450 - 80+ Bronze Certified,PSU,,520000,in_stock,,{},https://ecs7.tokopedia.net/img/cache/700/product-1/2016/6/2/9650943/9650943_dfbac77b-ec56-4888-a245-18b131800eea.jpg,https://enterkomputer.com/detail/124038/GameMax-PSU-450W-GP-450-80-Bronze-Certified,https://tokopedia.link/Bg9zHSqM8Bb,https://shopee.co.id/product/43570421/1815811775,2026-05-10T17:38:17.380120+00:00
124087,Super Flower Leadex Platinum SE 850W - SF-850F14MP - 80+ PLATINUM - Full Modular - PCIe 5.0 Ready - 10 Years,PSU,,2300000,in_stock,,{},https://images.tokopedia.net/img/cache/900/VqbcmM/2023/5/27/ed9e012f-fa18-40be-9217-c6cd40a5ff93.jpg,https://enterkomputer.com/detail/124087/Super-Flower-Leadex-Platinum-SE-850W-SF-850F14MP-80-PLATINUM-Full-Modular-PCIe-50-Ready-10-Years,https://tokopedia.link/aMyv1T7Q8Bb,https://shopee.co.id/product/43570421/20480244192/,2026-05-10T17:17:01.704720+00:00
124088,Super Flower Leadex Platinum SE 1000W - SF-1000F14MP - 80+ PLATINUM - Full Modular - PCIe 5.0 Ready - 10 Years,PSU,,2600000,in_stock,,{},https://images.tokopedia.net/img/cache/900/VqbcmM/2023/5/27/f8397245-709d-46c1-8b4b-e7b09b36e776.jpg,https://enterkomputer.com/detail/124088/Super-Flower-Leadex-Platinum-SE-1000W-SF-1000F14MP-80-PLATINUM-Full-Modular-PCIe-50-Ready-10-Years,https://tokopedia.link/mxxo1T30gCb,https://shopee.co.id/product/43570421/20580248998/,2026-05-10T17:17:10.398518+00:00
124090,Super Flower Leadex Platinum 2000W - SF-2000F14HP - 80+ PLATINUM - Full Modular - PCIe 5.1 Ready - 10 Years,PSU,,4990000,in_stock,,{},https://images.tokopedia.net/img/cache/900/VqbcmM/2023/5/27/7314d172-04b0-4231-b77e-379830af35f2.jpg,https://enterkomputer.com/detail/124090/Super-Flower-Leadex-Platinum-2000W-SF-2000F14HP-80-PLATINUM-Full-Modular-PCIe-51-Ready-10-Years,https://tokopedia.link/Fu4ZjX4ofCb,https://shopee.co.id/product/43570421/23843760345/,2026-05-10T17:17:35.717259+00:00
124092,Super Flower Leadex Titanium ATX3.1 1600W - SF-1600F14HT - 80+ TITANIUM Certified - Fully Modular - Japanese Main Capacitors - 10 Years,PSU,,6950000,in_stock,,{},https://images.tokopedia.net/img/cache/900/VqbcmM/2024/12/28/5e9aa39d-f100-4ae1-a6e1-f33c18f44c9e.jpg,https://enterkomputer.com/detail/124092/Super-Flower-Leadex-Titanium-ATX31-1600W-SF-1600F14HT-80-TITANIUM-Certified-Fully-Modular-Japanese-Main-Capacitors-10-Years,https://tokopedia.com/enterkomputer/psu-super-flower-leadex-titanium-atx3-1-1600w-sf-1600f14ht-80-titanium-certified-psu-1600-watt,https://s.shopee.co.id/1qNkAIz9f1,2026-05-10T17:17:44.265241+00:00
150287,HP Officejet 250 Portable,Printer,Printer,5690000,in_stock,,{},,https://enterkomputer.com/detail/150287/HP-Officejet-250-Portable,,,2026-05-10T20:56:16.698364+00:00
150459,Plustek SmartOffice PS30D,Printer,Scanner,4636000,in_stock,,{},https://ecs7.tokopedia.net/img/cache/700/product-1/2020/8/18/9651507/9651507_65d272d4-26ba-455d-beaf-fc63b8724b70_700_700,https://enterkomputer.com/detail/150459/Plustek-SmartOffice-PS30D,https://www.tokopedia.com/enterkomputer/plustek-smartoffice-ps30d,https://shopee.co.id/product/43570421/7158589118/,2026-05-10T21:09:17.170329+00:00
150463,Plustek SmartOffice PL4080,Printer,Scanner,5752000,in_stock,,{},https://ecs7.tokopedia.net/img/cache/700/VqbcmM/2021/10/13/3b59093e-11db-41fd-9da0-4f9f1813730d.jpg,https://enterkomputer.com/detail/150463/Plustek-SmartOffice-PL4080,https://www.tokopedia.com/enterkomputer/plustek-smartoffice-pl4080,https://shopee.co.id/product/43570421/3167997406/,2026-05-10T21:08:05.302823+00:00
150582,"HP Toner 17A Black (CF217A) For HP HP LaserJet Pro M102w, HP LaserJet Pro MFP M130fw",Printer,Cartridge and Toner,1150000,in_stock,,{},https://ecs7.tokopedia.net/img/cache/700/product-1/2020/8/15/9651507/9651507_7c700208-9e63-4332-bf4d-2ae78db8fbf5_700_700,https://enterkomputer.com/detail/150582/HP-Toner-17A-Black-CF217A-For-HP-HP-LaserJet-Pro-M102w-HP-LaserJet-Pro-MFP-M130fw,https://www.tokopedia.com/enterkomputer/hp-toner-17a-black-cf217a,https://shopee.co.id/product/43570421/7529614099,2026-05-10T21:05:24.305142+00:00
150728,HP 980 Black,Printer,Cartridge and Toner,1419000,in_stock,,{},,https://enterkomputer.com/detail/150728/HP-980-Black,,,2026-05-10T21:03:54.981304+00:00
151286,Intel Core i3-7100 3.9Ghz - Cache 3MB [Tray] Socket LGA 1151 - Kabylake Series,Processor,Intel Core i3  Socket LGA 1151,185000,in_stock,,{},https://ecs7.tokopedia.net/img/cache/700/VqbcmM/2021/10/28/5169c21f-8eaa-44cd-a593-e72e0e3209e9.jpg,https://enterkomputer.com/detail/151286/Intel-Core-i3-7100-39Ghz-Cache-3MB-Tray-Socket-LGA-1151-Kabylake-Series,https://www.tokopedia.com/enterkomputer/intel-core-i3-7100-3-9ghz-cache-3mb-tray-socket-lga-1151-kabylake,https://s.shopee.co.id/9AAL9LUoFR,2026-05-10T11:16:11.727535+00:00
152723,AMD Bristol Ridge A8-9600 (Radeon R7 Series) 3.1Ghz Up To 3.4Ghz Cache 2MB 65W Socket AM4 [Box] - 4 Core - AD9600AGABBOX,Processor,AMD Socket AM4,720000,in_stock,,{},https://ecs7.tokopedia.net/img/cache/700/VqbcmM/2020/12/23/1a32a732-9a17-4c52-831b-e95aaf71e2da.png,https://enterkomputer.com/detail/152723/AMD-Bristol-Ridge-A8-9600-Radeon-R7-Series-31Ghz-Up-To-34Ghz-Cache-2MB-65W-Socket-AM4-Box-4-Core-AD9600AGABBOX,https://tokopedia.link/EL3gHEKQ8Bb,https://shopee.co.id/AMD-Bristol-Ridge-A8-9600-Radeon-R7-Series-Socket-AM4-Box-4-Core-i.43570421.5263289112,2026-05-10T11:08:48.782233+00:00
152840,Intel Pentium G4400 3.3Ghz - Cache 3MB [Tray] Socket LGA 1151 - Skylake Series,Processor,Intel Pentium Socket LGA 1151,160000,in_stock,,{},https://ecs7.tokopedia.net/img/cache/700/product-1/2019/10/22/9651507/9651507_8224d33e-9afd-449f-ab36-a3611dd109d6_800_800,https://enterkomputer.com/detail/152840/Intel-Pentium-G4400-33Ghz-Cache-3MB-Tray-Socket-LGA-1151-Skylake-Series,https://www.tokopedia.com/enterkomputer/intel-pentium-g4400-3-3ghz-cache-3mb-tray-fan-socket-lga-1151-1,https://shopee.co.id/product/43570421/1815796296,2026-05-10T11:16:22.223653+00:00
153007,Intel Core i3-6100 3.7Ghz - Cache 3MB [Tray] Socket LGA 1151 - Skylake Series,Processor,Intel Core i3  Socket LGA 1151,150000,in_stock,,{},https://ecs7.tokopedia.net/img/cache/700/VqbcmM/2021/10/28/04c5ae2b-2840-4501-b0a3-716fa0ddd50c.jpg,https://enterkomputer.com/detail/153007/Intel-Core-i3-6100-37Ghz-Cache-3MB-Tray-Socket-LGA-1151-Skylake-Series,https://tokopedia.link/etYQwKSz7Bb,https://shopee.co.id/product/43570421/1815795809/,2026-05-10T11:16:18.768894+00:00
153692,Intel Core i5-2400 3.1 GHz - Cache 6MB [Tray] Socket LGA 1155,Processor,Intel Core i5 Socket LGA 1155,245000,in_stock,,{},https://ecs7.tokopedia.net/img/cache/700/VqbcmM/2021/11/6/f31100d7-7ae0-4a26-afe1-604b80fcf44e.png,https://enterkomputer.com/detail/153692/Intel-Core-i5-2400-31-GHz-Cache-6MB-Tray-Socket-LGA-1155,https://www.tokopedia.com/enterkomputer/intel-core-i5-2400-3-1-ghz-cache-6mb-tray-socket-lga-1155,https://shopee.co.id/product/43570421/2770474362,2026-05-10T11:17:31.822753+00:00
153852,Epson EB-1785W - ANSI LUMENS 3200 - WXGA,Projector,,14720000,in_stock,,{},,https://enterkomputer.com/detail/153852/Epson-EB-1785W-ANSI-LUMENS-3200-WXGA,,,2026-05-10T10:32:46.331553+00:00
153853,Epson EB-1795F - ANSI LUMENS 3200 - Full HD,Projector,,16100000,in_stock,,{},,https://enterkomputer.com/detail/153853/Epson-EB-1795F-ANSI-LUMENS-3200-Full-HD,,,2026-05-10T10:32:49.790790+00:00
153856,Epson EB-2065 - ANSI LUMENS 5500 - XGA,Projector,,20400000,in_stock,,{},,https://enterkomputer.com/detail/153856/Epson-EB-2065-ANSI-LUMENS-5500-XGA,,,2026-05-10T10:32:53.304507+00:00
153858,Epson EB-2155W - ANSI LUMENS 5000 - WXGA,Projector,,23030000,in_stock,,{},,https://enterkomputer.com/detail/153858/Epson-EB-2155W-ANSI-LUMENS-5000-WXGA,,,2026-05-10T10:32:56.741869+00:00
153860,Epson EB-2265U - ANSI LUMENS 5500 - WUXGA,Projector,,32270000,in_stock,,{},,https://enterkomputer.com/detail/153860/Epson-EB-2265U-ANSI-LUMENS-5500-WUXGA,,,2026-05-10T10:33:00.205274+00:00
122791,Team Elite Plus Black DDR4 PC19200 2400MHz 16GB (1x16GB) 16-16-16-39 - TPD416G2400HC1601,RAM,PC - Desktop,2875000,in_stock,,{},https://ecs7.tokopedia.net/img/cache/700/VqbcmM/2021/10/29/c6a1ce7b-4c87-48ee-8862-5e1b097b4c4b.jpg,https://enterkomputer.com/detail/122791/Team-Elite-Plus-Black-DDR4-PC19200-2400MHz-16GB-1x16GB-16-16-16-39-TPD416G2400HC1601,https://tokopedia.link/FgcDIPu58Bb,https://s.shopee.co.id/7pexZqpeM6,2026-05-10T18:17:28.278377+00:00
122792,Team Elite Plus Black DDR4 PC19200 2400MHz 8GB (1x8GB) 16-16-16-39 - TPD48G2400HC1601,RAM,PC - Desktop,1150000,in_stock,,{},https://ecs7.tokopedia.net/img/cache/700/product-1/2019/10/28/1157156/1157156_640bc7be-1023-43a9-8fe5-02e2c1fb8b54.jpg,https://enterkomputer.com/detail/122792/Team-Elite-Plus-Black-DDR4-PC19200-2400MHz-8GB-1x8GB-16-16-16-39-TPD48G2400HC1601,https://www.tokopedia.com/enterkomputer/team-elite-plus-black-ddr4-pc19200-2400mhz-8gb-16-16-16-39,https://shopee.co.id/product/43570421/1815791650,2026-05-10T18:17:24.723624+00:00
122793,Team Elite Plus Black DDR4 PC19200 2400MHz 4GB (1x4GB) 16-16-16-39 - TPD44G2400HC1601,RAM,PC - Desktop,590000,in_stock,,{},https://ecs7.tokopedia.net/img/cache/700/product-1/2019/7/12/9651507/9651507_9144f30a-c881-4749-aa1d-2de4a34c01f2_800_800,https://enterkomputer.com/detail/122793/Team-Elite-Plus-Black-DDR4-PC19200-2400MHz-4GB-1x4GB-16-16-16-39-TPD44G2400HC1601,https://tokopedia.link/aw53z7cy7Bb,https://shopee.co.id/product/43570421/1140801566,2026-05-10T18:17:21.185997+00:00
122834,Team Elite Plus Black DDR3 PC12800 1600MHz 4GB (1x4GB) 11-11-11-28 - TPD34G1600HC1101,RAM,PC - Desktop,290000,in_stock,,{},https://ecs7.tokopedia.net/img/cache/700/product-1/2019/7/12/9651507/9651507_c35056c0-7f48-4317-829e-82bb02c88124_800_800,https://enterkomputer.com/detail/122834/Team-Elite-Plus-Black-DDR3-PC12800-1600MHz-4GB-1x4GB-11-11-11-28-TPD34G1600HC1101,,,2026-05-10T18:18:07.406941+00:00
122890,VenomRX DDR3 PC12800 4GB,RAM,PC - Desktop,175000,in_stock,,{},https://ecs7.tokopedia.net/img/cache/700/VqbcmM/2021/10/30/39999c54-0324-4380-a372-d9eece886331.jpg,https://enterkomputer.com/detail/122890/VenomRX-DDR3-PC12800-4GB,https://www.tokopedia.com/enterkomputer/venomrx-ddr3-pc12800-4gb,https://shopee.co.id/product/43570421/6704151394,2026-05-10T18:18:53.223771+00:00
139342,ADATA SU800 256GB SATA III ( R/W  Up to 560 / 520MB/s ),SSD,Internal SSD (SOLID STATE DISK),1020000,in_stock,,{},https://ecs7.tokopedia.net/img/cache/700/VqbcmM/2021/11/4/ac74f955-109a-4437-bcb1-9dafbad181a4.png,https://enterkomputer.com/detail/139342/ADATA-SU800-256GB-SATA-III-RW-Up-to-560-520MBs,https://tokopedia.link/K9VGRHVQaCb,https://shopee.co.id/product/43570421/1943988548,2026-05-10T14:30:43.838591+00:00
139343,ADATA SU800 512GB SATA III ( R/W  Up to 560 / 520MB/s ),SSD,Internal SSD (SOLID STATE DISK),1520000,in_stock,,{},https://ecs7.tokopedia.net/img/cache/700/VqbcmM/2021/10/11/b7621470-7c8b-4738-bdf9-591a0fb6c0a0.jpg,https://enterkomputer.com/detail/139343/ADATA-SU800-512GB-SATA-III-RW-Up-to-560-520MBs,https://tokopedia.link/kncGmhJQaCb,https://shopee.co.id/product/43570421/1974882242,2026-05-10T14:30:52.074608+00:00
139600,WD Blue SA510 SATA SSD 250GB SATA III - R 555MB/s W 440MB/s,SSD,Internal SSD (SOLID STATE DISK),1440000,in_stock,,{},https://ecs7.tokopedia.net/img/cache/700/VqbcmM/2021/10/11/def0bbc4-14be-468b-be1b-4c3f6028b56b.jpg,https://enterkomputer.com/detail/139600/WD-Blue-SA510-SATA-SSD-250GB-SATA-III-R-555MBs-W-440MBs,https://tokopedia.link/uDYH5nWz7Bb,https://s.shopee.co.id/60DUEs6p7Z,2026-05-10T15:45:22.662114+00:00
139601,WD Blue SA510 SATA SSD 500GB SATA III - R 560MB/s W 510MB/s,SSD,Internal SSD (SOLID STATE DISK),2460000,in_stock,,{},https://ecs7.tokopedia.net/img/cache/700/VqbcmM/2021/10/11/9acbbc15-5ef8-49ad-bb2e-d38708bcedad.jpg,https://enterkomputer.com/detail/139601/WD-Blue-SA510-SATA-SSD-500GB-SATA-III-R-560MBs-W-510MBs,https://www.tokopedia.com/enterkomputer/wd-blue-sa510-sata-ssd-500gb-sata-iii-ssd-500gb-1731216590425654864,https://shopee.co.id/product/43570421/1869760389/,2026-05-10T15:45:28.598361+00:00
150929,WD Blue SA510 SSD SATA 1TB SATA III - R 560MB/s W 520MB/s,SSD,Internal SSD (SOLID STATE DISK),4530000,in_stock,,{},https://ecs7.tokopedia.net/img/cache/700/VqbcmM/2021/10/11/4f296142-cda1-41ce-9404-eebb95868c4e.jpg,https://enterkomputer.com/detail/150929/WD-Blue-SA510-SSD-SATA-1TB-SATA-III-R-560MBs-W-520MBs,https://www.tokopedia.com/enterkomputer/wdc-blue-pc-ssd-1tb,https://s.shopee.co.id/3LCj3xUmi1,2026-05-10T15:45:33.697937+00:00
152131,IR8012G 12U Width:600mm Depth:800mm,Server,Enclose Rack Series,4550000,in_stock,,{},,https://enterkomputer.com/detail/152131/IR8012G-12U-Width600mm-Depth800mm,,,2026-05-10T11:19:57.558607+00:00
152137,"FS60 Fixed Shelf, Depth 400mm",Server,Enclose Rack Series,230000,in_stock,,{},,https://enterkomputer.com/detail/152137/FS60-Fixed-Shelf-Depth-400mm,,,2026-05-10T11:20:01.001720+00:00
155760,ThinkServer TS460 44IA,Server,,17900000,in_stock,"Intel Xeon 4C E3-1230v6, RAM 8GB, 1TB Sata, Tower 4U",{},,https://enterkomputer.com/detail/155760/ThinkServer-TS460-44IA,,,2026-05-10T11:33:47.184489+00:00
155763,HP Proliant DL380 G10 826567-B21,Server,,185500000,in_stock,"2x 16C Xeon Gold 6130, 64GB, 300GB SAS, DVDRW, Rack 2U",{},,https://enterkomputer.com/detail/155763/HP-Proliant-DL380-G10-826567-B21,,,2026-05-10T11:19:05.593872+00:00
155764,HP Proliant DL380 G10 826566-B21,Server,,136100000,in_stock,"2x 12C Xeon Gold 5118, 64GB, 300GB SAS, DVDRW, Rack 2U",{},,https://enterkomputer.com/detail/155764/HP-Proliant-DL380-G10-826566-B21,,,2026-05-10T11:19:09.057930+00:00
173457,Office 365 Personal - POSA Version,Software,Office Software,1115000,in_stock,,{},https://ecs7.tokopedia.net/img/cache/700/VqbcmM/2021/9/23/2c2a94a8-2e7d-44ce-992c-2b1b3e7d916b.png,https://enterkomputer.com/detail/173457/Office-365-Personal-POSA-Version,https://www.tokopedia.com/enterkomputer/office-365-personal-posa-version,https://shopee.co.id/product/43570421/13910887595/,2026-05-10T10:07:51.692498+00:00
173886,Windows 11 Home 64Bit,Software,Operating System,2000000,in_stock,Windows OEM (Original Equipment Manufacturer),{},https://images.tokopedia.net/img/cache/900/VqbcmM/2021/11/30/065614fe-3c0e-4d8f-b841-e8743b7c8fa6.jpg,https://enterkomputer.com/detail/173886/Windows-11-Home-64Bit,https://tokopedia.link/MLhwJ4756Bb,https://s.shopee.co.id/30Zhja1DOe,2026-05-10T10:07:03.518682+00:00
173887,Windows 11 Professional 64Bit,Software,Operating System,2465000,in_stock,Windows OEM (Original Equipment Manufacturer),{},https://images.tokopedia.net/img/cache/900/VqbcmM/2021/11/30/ec62e508-64d1-4891-a5b9-57baec38d03b.jpg,https://enterkomputer.com/detail/173887/Windows-11-Professional-64Bit,https://tokopedia.link/Wo3x4Dy96Bb,https://s.shopee.co.id/4L55MumBWP,2026-05-10T10:07:10.436991+00:00
173888,"Office 2021 Home & Business (Word, Excel, Power Point, One Note, Outlook) - FPP - 1 User",Software,Office Software,3720000,in_stock,,{},https://ecs7.tokopedia.net/img/cache/700/VqbcmM/2021/10/22/1a4a0577-55b8-4cdd-a2c7-5ea60585a2bb.jpg,https://enterkomputer.com/detail/173888/Office-2021-Home-Business-Word-Excel-Power-Point-One-Note-Outlook-FPP-1-User,https://tokopedia.link/S5VVv00v7Bb,https://shopee.co.id/product/43570421/11463734817/,2026-05-10T10:07:48.283272+00:00
174983,Windows Server 2022 16 Core,Software,Operating System,14990000,in_stock,,{},,https://enterkomputer.com/detail/174983/Windows-Server-2022-16-Core,,,2026-05-10T10:07:17.382177+00:00
164826,Orico SC2 USB External Sound Card,Soundcard,External,140000,in_stock,,{},https://ecs7.tokopedia.net/img/cache/700/VqbcmM/2020/12/7/136efcb7-efca-426b-89ee-43c9ff473bf1.png,https://enterkomputer.com/detail/164826/Orico-SC2-USB-External-Sound-Card,https://www.tokopedia.com/enterkomputer/orico-sc2-usb-external-sound-card,https://shopee.co.id/product/43570421/5268197008/,2026-05-10T10:06:21.498121+00:00
170649,Orico SKT3 External USB Sound Card,Soundcard,External,100000,in_stock,,{},https://ecs7.tokopedia.net/img/cache/700/VqbcmM/2021/11/4/c7e53d33-2e75-4074-bf01-e4e2ad81c6f3.jpg,https://enterkomputer.com/detail/170649/Orico-SKT3-External-USB-Sound-Card,https://tokopedia.link/88uV4y6ocCb,https://shopee.co.id/product/43570421/9127490007/,2026-05-10T10:06:25.053982+00:00
128721,TP - Link Bluetooth Speaker - HA100,Speaker,Others,308000,in_stock,,{},https://ecs7.tokopedia.net/img/cache/700/VqbcmM/2021/11/2/e11075cf-02a4-4b9d-a7c2-8d9013ae7a9c.png,https://enterkomputer.com/detail/128721/TP-Link-Bluetooth-Speaker-HA100,https://www.tokopedia.com/enterkomputer/tp-link-bluetooth-speaker-ha100,https://shopee.co.id/product/43570421/8604812126/,2026-05-10T10:27:02.308640+00:00
152116,Simbadda CST 909N (Portable),Speaker,,315000,in_stock,,{},,https://enterkomputer.com/detail/152116/Simbadda-CST-909N-Portable,,,2026-05-10T10:25:31.958637+00:00
154199,Simbadda CST 2100 N+,Speaker,,405000,in_stock,,{},https://ecs7.tokopedia.net/img/cache/700/VqbcmM/2021/10/1/619d93fd-6ac9-43c8-8f49-a0768d9e4454.jpg,https://enterkomputer.com/detail/154199/Simbadda-CST-2100-N,,,2026-05-10T10:24:28.086827+00:00
156474,Simbadda CST 2000 N Plus,Speaker,,420000,in_stock,,{},https://ecs7.tokopedia.net/img/cache/700/VqbcmM/2021/11/3/88c04869-292f-40a2-a921-9592112468b5.png,https://enterkomputer.com/detail/156474/Simbadda-CST-2000-N-Plus,https://tokopedia.link/0R3q0PW4fCb,https://s.shopee.co.id/4L5GFmWXOJ,2026-05-10T10:24:24.646042+00:00
158019,Simbadda CST 800 N,Speaker,,305000,in_stock,,{},https://ecs7.tokopedia.net/img/cache/700/product-1/2020/8/5/9651507/9651507_a308b445-6b20-4a27-8b73-63bd5c301ed1_700_700,https://enterkomputer.com/detail/158019/Simbadda-CST-800-N,https://www.tokopedia.com/enterkomputer/simbadda-cst-800-n,https://shopee.co.id/product/43570421/4729129742,2026-05-10T10:24:21.174451+00:00
126167,"APC Back-UPS RS 1500VA LCD, Master Control - BR1500Gi - Weight 15Kg",UPS,Back-UPS and Back UPS RS Series,7908000,in_stock,,{},https://ecs7.tokopedia.net/img/cache/700/VqbcmM/2021/10/12/c2746d3a-9bdc-4182-b3d5-18596f5e3545.jpg,https://enterkomputer.com/detail/126167/APC-Back-UPS-RS-1500VA-LCD-Master-Control-BR1500Gi-Weight-15Kg,https://www.tokopedia.com/enterkomputer/apc-back-ups-rs-1500va-lcd-master-control-br1500gi-weight-15kg,https://shopee.co.id/product/43570421/4204995431,2026-05-10T12:31:38.698737+00:00
126168,APC Back-UPS RS 1500VA 24V Battery Pack BR1500Gi - BR24BPG - Weight 15Kg,UPS,Back-UPS and Back UPS RS Series,2799000,in_stock,,{},,https://enterkomputer.com/detail/126168/APC-Back-UPS-RS-1500VA-24V-Battery-Pack-BR1500Gi-BR24BPG-Weight-15Kg,,,2026-05-10T12:31:42.710308+00:00
126169,APC Smart UPS 420VA - SC420i - Weight 11Kg,UPS,Smart-UPS with Software Bundles Sine Wave,2530000,in_stock,,{},,https://enterkomputer.com/detail/126169/APC-Smart-UPS-420VA-SC420i-Weight-11Kg,,,2026-05-10T12:32:15.073562+00:00
126170,APC Smart UPS SC 450VA - SC450RMI1U - Weight 12Kg,UPS,Smart-UPS with Software Bundles Sine Wave,4660000,in_stock,,{},,https://enterkomputer.com/detail/126170/APC-Smart-UPS-SC-450VA-SC450RMI1U-Weight-12Kg,,,2026-05-10T12:32:19.027181+00:00
126171,APC Smart UPS 620VA - SC620i - Weight 14Kg,UPS,Smart-UPS with Software Bundles Sine Wave,3500000,in_stock,,{},,https://enterkomputer.com/detail/126171/APC-Smart-UPS-620VA-SC620i-Weight-14Kg,,,2026-05-10T12:32:22.983594+00:00
121626,GALAX GeForce GT 710 1GB DDR3 - Support Low Profile - Garansi 2 Thn,VGA,nvidia,600000,in_stock,,{},https://images.tokopedia.net/img/cache/900/VqbcmM/2022/9/9/d26e11d3-61bc-4ca6-9fc8-ff624febf690.jpg,https://enterkomputer.com/detail/121626/GALAX-GeForce-GT-710-1GB-DDR3-Support-Low-Profile-Garansi-2-Thn,,,2026-05-10T13:04:02.257008+00:00
121917,Gigabyte GeForce GT 710 2048MB DDR3 - GV-N710D3-2GL,VGA,nvidia,610000,in_stock,,{},https://ecs7.tokopedia.net/img/cache/700/VqbcmM/2021/10/13/c94e0249-4694-4b78-8eae-958863b18230.jpg,https://enterkomputer.com/detail/121917/Gigabyte-GeForce-GT-710-2048MB-DDR3-GV-N710D3-2GL,,,2026-05-10T13:22:18.211600+00:00
122068,MSI GeForce GT 710 2GB DDR3 - N710-2GD3H LP,VGA,nvidia,1020000,in_stock,,{},https://ecs7.tokopedia.net/img/cache/700/product-1/2020/8/6/9651507/9651507_7013d9d1-3be3-4080-8304-2a303d0053e7_700_700,https://enterkomputer.com/detail/122068/MSI-GeForce-GT-710-2GB-DDR3-N710-2GD3H-LP,,,2026-05-10T13:29:16.642685+00:00
151795,Asus GeForce GT 1030 2GB DDR5,VGA,nvidia,1540000,in_stock,,{},https://ecs7.tokopedia.net/img/cache/700/product-1/2020/8/3/9651507/9651507_acd8094e-a38a-4f1e-8634-ce30bd45798e_700_700,https://enterkomputer.com/detail/151795/Asus-GeForce-GT-1030-2GB-DDR5,https://tokopedia.link/OZrTSe02fCb,https://shopee.co.id/product/43570421/7204359289,2026-05-10T13:10:48.197346+00:00
152377,Inno3D Geforce GT 1030 2GB GDDR5 Heatsink - Garansi 3 Thn,VGA,nvidia,1190000,in_stock,,{},https://images.tokopedia.net/img/cache/900/product-1/2020/2/13/83419695/83419695_37adf160-b3db-46cd-923c-749c1c34b0db_1140_1140,https://enterkomputer.com/detail/152377/Inno3D-Geforce-GT-1030-2GB-GDDR5-Heatsink-Garansi-3-Thn,,,2026-05-10T13:26:03.123515+00:00
